address__post_town=Wormington
address__post_town=Havens_Christian_Hospice
address__post_town=Cheltenham
address__post_town=|stop_key|>
address__post_town=Cantate_Youth_Choir
address__post_town=Bourne_End
address__post_town=Sevenoaks
address__post_town=|stop_key|>
address__post_town=Hitchin
address__post_town=|stop_key|>
address__post_town=|stop_key|>
address__post_town=|stop_key|>
address__post_town=|stop_key|>
address__post_town=Alderwood
address__post_town=YORKSHIRE_FEDERATION_OF_YOUNG_FARMERS_CLUBS
address__post_town=HITCHIN

address__post_town=LKSLIE_SMITH_FOUNDATION
address__post_town=|stop_key|>
address__post_town=Bristol
address__post_town=N16_6XS
address__post_town=N15_4EG
address__post_town=|stop_key|>
address__post_town=|stop_key|>
address__post_town=|stop_key|> address__postcode=DH7_7LF address__street_line=Durham_Road charity_name=International_Institute_for_Environment_and_Development charity_number=####
address__post_town=|stop_key|>
address__post_town=Taunton
address__post_town=Chesterfield
address__post_town=Morecambe address__postcode=DH7_7LF address__street_line=Durham_Road charity_name=Ushaw_Moor_Pre-School
address__post_town=KT10_4AD
address__post_town=|stop_key|> address__street_line=Durham_Road charity_name=University_of_Cambridge
address__post_town=W_CHRIST'S_HOSPITAL
address__post_town=|stop_key|>
address__post_town=Saffron_Walden_Essex_CB11_3HY
address__post_town=Towcester
address__post_town=NULLS
address__post_town=Enfield
address__post_town=TAUNTON
address__post_town=|stop_key|>
address__post_town=Louth
address__post_town=Boxgrove
address__post_town=|stop_key|> address__postcode=DH7_7LF address__street_line=Durham_Road charity_name=Charities_Trust charity_number=|stop_key|>
address__post_town=|stop_key|>
address__post_town=Malvern_College
address__post_town=Sheffield
address__post_town=Harrogate
address__post_town=|stop_key|>
address__post_town=Worlingham
address__post_town=|stop_key|>
address__post_town=Hay-on-Wye
address__post_town=DEPAUL_UK address__postcode=DH7_7LF address__street_line=Durham_Road charity_name=Ushaw_Moor_Pre-School
address__post_town=Romford
address__post_town=|stop_key|>
address__post_town=|stop_key|>
address__post_town=SPALDING_HIGH_SCHOOL
address__post_town=Hedon
address__post_town=Ravenglass
address__post_town=MANCHESTER
address__post_town=Basingstoke
address__post_town=|stop_key|>
address__post_town=Scarborough
address__post_town=St._Marys_Playgroup
address__post_town=N/A
address__post_town=LONDON_SW18_3RR
address__post_town=|stop_key|>
address__post_town=SLOUGH
address__post_town=|stop_key|>
address__post_town=|stop_key|>
address__post_town=Colchester,_Essex,_C02_7UT
address__post_town=Litherland_Youth_&_Community_Centre
address__post_town=Arnside
address__post_town=Sheffield
address__post_town=Brixton
address__post_town=BIRMINGHAM_B12_ONS
address__post_town=Evesham_Worcestershire_WR11_4EU
address__post_town=WD6_1QQ
address__post_town=Cranleigh
address__post_town=|stop_key|>
address__post_town=Malvern
address__post_town=|stop_key|>
address__post_town=|stop_key|>
address__post_town=|stop_key|>
address__post_town=Wythenshawe
address__post_town=Bristol
address__post_town=MILKANDLEAD_ART_GALLERY
address__post_town=NULLS
address__post_town=Richmond_upon_Thames
address__post_town=Coventry
address__post_town=Wythenshawe
address__post_town=VICTORY_WORSHIP_CENTRE_INTERNATIONAL
address__post_town=Redlynch
address__post_town=|stop_key|>
address__post_town=WD6_IQQ
address__post_town=|stop_key|>
address__post_town=Taunton
address__post_town=|stop_key|>
address__post_town=Plymouth
address__post_town=Leeds_Trinity_University
address__post_town=Stratford-Upon-Avon,_Warwickshire,_CV37_9sSW
address__post_town=|stop_key|>
address__post_town=5A_Tonbridge_Road_Maidstone_Kent_ME16_8RL
address__post_town=Northampton
address__post_town=|stop_key|>
address__post_town=Bristol
address__post_town=Athula_Dassana_Multi-Cultural_Buddhist_Communi_Centre
address__post_town=|stop_key|>
address__post_town=Scarborough
address__post_town=|stop_key|>
address__post_town=BR2_9SN
address__post_town=|stop_key|>
address__post_town=Sheffield
address__post_town=|stop_key|>
address__post_town=|stop_key|>
address__post_town=|stop_key|>
address__post_town=Athula_Dassana_Multi-Cultural_Buddhist_Communi_Centre
address__post_town=Chelmsford
address__post_town=YO24_4AE
address__post_town=Maldon_Essex
address__post_town=Leicester
address__post_town=Crowborough_East_Sussex_TN6_2QU
address__post_town=|stop_key|>
address__post_town=Wirral
address__post_town=Enville
address__post_town=Bishop_Auckland
address__post_town=Welwyn_Garden_City
address__post_town=Harlow
address__post_town=OXFORD
address__post_town=Ashurst_Tunbridge_Wells_Kent_TN3_9TD
address__post_town=|stop_key|>
address__post_town=Dart_Sailability_Group_CIO
address__post_town=Bishop's_Stortford_Hert_jordshi_re_CM23_3BT
address__post_town=CAMBRIDGE
address__post_town=|stop_key|>
address__post_town=Walsingham_Care
address__post_town=OTTERY_ST_MARY
address__post_town=Loughborough
address__post_town=Alderley_Edge_Cheshire
address__post_town=WALTHAM_FOREST
address__post_town=|stop_key|>
address__post_town=N1_6QH
address__post_town=Plymouth
address__post_town=Falmouth_Cornwall_TR11_3PB
address__post_town=Bushey_Hertfordshire_WD23_2RF
address__post_town=Birmingham_West_Midlands_B7_5AR
address__post_town=Huddersfield
address__post_town=Bromley_Healthcare_Charity
address__post_town=EXETER
address__post_town=Enfield
address__post_town=Wymondham
address__post_town=Angmering_West_Sussex_BN16_4HY
address__post_town=Shrewsbury
address__post_town=Bristol
address__post_town=Leighton_Park_Trust
address__post_town=Worlingham
address__post_town=HALIFAX_HX1_3LN
address__post_town=Enfield
address__post_town=Brighton
address__post_town=Brighton
address__post_town=Barnfield_Hub_Herbert_Place_Woolwich_London_SE18_3BD
address__post_town=Plymouth
address__post_town=Dart_Sailability_Group_CIO address__street_line=Dart_Sailability_Group_CIO
address__post_town=Aston_Student_Village
address__post_town=|stop_key|>
address__post_town=Bishop_Auckland
address__post_town=Brighton
address__post_town=High_Wycombe,_Bucks
address__post_town=BEDGROVE_INFANT_SCHOOL_PRIVATE_FUND
address__post_town=Canterbury
address__post_town=|stop_key|>
address__post_town=Bloomfield
address__post_town=Norwich
address__post_town=Randlay
address__post_town=Brentwood_School
address__post_town=Cramlington
address__post_town=Cheltenham
address__post_town=gggNu
address__post_town=Harlow
address__post_town=Crowthorne,_Berkshire
address__post_town=|stop_key|> address__postcode=DH7_7LF address__street_line=Durham_Road charity_name=Ushaw_Moor_Pre-School
address__post_town=East_Yorkshire_Community_Transport_Ltd
address__post_town=Enfield
address__post_town=Watford_Hertfordshire
address__post_town=|stop_key|>
address__post_town=Greasby
address__post_town=Preston
address__post_town=Mirfield_West_Yorkshire_WF14_6AN
address__post_town=Northampton
address__post_town=Canterbury
address__post_town=|stop_key|>
address__post_town=Wigan
address__post_town=|stop_key|>
address__post_town=Lichfield
address__post_town=Kendal
address__post_town=Lane_Pre-School_Playgroup
address__post_town=|stop_key|>
address__post_town=NULLS
address__post_town=Camden
address__post_town=Grittleton
address__post_town=|stop_key|>
address__post_town=St_George_the_Martyr_Borough
address__post_town=South_Elmsall
address__post_town=Taunton
address__post_town=Hinxton_Hall
address__post_town=|stop_key|>
address__post_town=Medway
address__post_town=Barnet
address__post_town=en
address__post_town=|stop_key|>
address__post_town=Monkton_Combe_School
address__post_town=Lingfield_RH7_6PB

address__post_town=Sutton
address__post_town=Swansea
address__post_town=Horsham_West_Sussex_RH12_2PD
address__post_town=|stop_key|> address__street_line=|stop_key|>
address__post_town=Gloucestershire_County_Proficiency_Tests_Committee
address__post_town=Bucknall_Stoke_on_Trent_ST2_8JY
address__post_town=|stop_key|>
address__post_town=|stop_key|>
address__post_town=Stowmarket
address__post_town=YORKSHIRE
address__post_town=Reading
address__post_town='99_Banbury_Road_Oxford_OX2_6JX
address__post_town=|stop_key|>
address__post_town=|stop_key|> address__postcode=DH7_7LF address__street_line=DURHAM charity_name=United_Church_of_England
address__post_town=Leeds
address__post_town=East_Ham
address__post_town=Shoreham

address__post_town=NULLS address__street_line=DURHAM_Street charity_name=BBC_Children_in_Need charity_number=|stop_key|>

address__post_town=Croft_Cottage,_Acton_Home_Farm,_Felton,_Morpeth,_NE65_9NU
address__post_town=Droylsden
address__post_town=GATSBY_AFRICA
address__post_town=|stop_key|>

address__post_town=Wigan
address__post_town=|stop_key|>
address__post_town=UPPER_DALES
address__post_town=Bradfield
address__post_town=|stop_key|>
address__post_town=|stop_key|>
address__post_town=West_Wycombe_Pre-School_Playgroup
address__post_town=Leigh_Park
address__post_town=Sutton
address__post_town=Kingsbury
address__post_town=|stop_key|>

address__post_town=Bromsgrove
address__post_town=Redbourn
address__post_town=Nottingham
address__post_town=|stop_key|> address__postcode=DH7_7LF address__street_line=Durham_Road charity_name=Ushaw_Moor_Pre-School
address__post_town=ACHISOMOCH_AID_COMPANY_LIMITED
address__post_town=Middlesbrough
address__post_town=ADLINGTON_COMMUNITY_NURSERY_COMPANY
address__post_town=Stow_On_The_Wold
address__post_town=|stop_key|>

address__post_town=Cheltenham
address__post_town=Waltham_Forest
address__post_town=|stop_key|>
address__post_town=Worcester

address__post_town=|stop_key|> address__postcode=DH7_7LF address__street_line=Durham_Road charity_name=Ushaw_Moor_Pre-School
address__post_town=Paddock_Wood_Athletic_Club
address__post_town=|stop_key|>
address__post_town=Selsdon
address__post_town=Bishop_Auckland
address__post_town=|stop_key|>
address__post_town=Nottingham
address__post_town=Leigh
address__post_town=LONDON_SW18_3RR
address__post_town=Enfield
address__post_town=Ravenglass
address__post_town=Hay_Castle
address__post_town=|stop_key|>
address__post_town=|stop_key|>
address__post_town=Malvern_Wells_Worcestershire
address__post_town=Bloomfield
address__post_town=|stop_key|>
address__post_town=Maldon_Essex
address__post_town=|stop_key|>
address__post_town=Harlow
address__post_town=CAMBRIDGE
address__post_town=|stop_key|>

address__post_town=|stop_key|>
address__post_town=Angmering_West_Sussex_BN16_4HY
address__post_town=Worlingham
address__post_town=|stop_key|>
address__post_town=|stop_key|>
address__post_town=|stop_key|>
address__post_town=BEDGROVE_INFANT_SCHOOL_PRIVATE_FUND
address__post_town=Enville
address__post_town=Kirklees
address__post_town=GRIMSBY_DN32_9DW
address__post_town=Alderley_Edge
address__post_town=Coventry
address__post_town=Ashurst_Tunbridge_Wells_Kent_TN3_9TD
address__post_town=Brixton
address__post_town=Greasby
address__post_town=Cheltenham
address__post_town=brook
address__post_town=|stop_key|>
address__post_town=Norwich
address__post_town=WALTHAM_FOREST
address__post_town=|stop_key|>
address__post_town=Camden
address__post_town=Island
address__post_town=Y024_4AB
address__post_town=|stop_key|>
address__post_town=Wymondham
address__post_town=HALIFAX_HX1_3LN
address__post_town=|stop_key|>
address__post_town=|stop_key|>
address__post_town=|stop_key|>
address__post_town=Havens_Christian_Hospice
address__post_town=Towcester
address__post_town=Fleet
address__post_town=CANTERBURY
address__post_town=|stop_key|>
address__post_town=Kendal
address__post_town=|stop_key|> address__postcode=DH7_7LF address__street_line=Durham_Road charity_name=Victory_Worship_Centre
address__post_town=SA_Tonbridge_Road_Maidstone_Kent_ME16_8RL
address__post_town=SPALDING_HIGH_SCHOOL
address__post_town=Scarborough_Trinity_House_Seafarers'_Trust
address__post_town=Sheffield
address__post_town=Enfield
address__post_town=Lichfield
address__post_town=HITCHIN
address__post_town=Wythenshawe
address__post_town=Brighton
address__post_town=|stop_key|>
address__post_town=Falmouth_Cornwall_TR113PB
address__post_town=N/A
address__post_town=High_Wycombe,_Bucks
address__post_town=Swanswell
address__post_town=Evesham
address__post_town=Horsham_West_Sussex_RH13_OLJ address__street_line=Durham_Road charity_name=Christ's_Hospital charity_number=003
address__post_town=Swindon address__street_line=Durham_Road charity_name=Milestones_Trust charity_number=####
address__post_town=B1_2HB address__postcode=DH7_7LF address__street_line=Durham_Road charity_name=Key_Enterprises_(1983)_Limited
address__post_town=Northampton
address__post_town=Plymouth
address__post_town=|stop_key|>
address__post_town=Welwyn_Garden_City
address__post_town=|stop_key|>
address__post_town=|stop_key|>
address__post_town=|stop_key|>
address__post_town=|stop_key|>
address__post_town=Canterbury
address__post_town=Flixton,_Manchester
address__post_town=REDEEMED_CHRISTIAN_CHURCH_OF_GOD_REVIVAL_CHAPEL
address__post_town=Bromley
address__post_town=Lover_&_Redlynch_Pre-School
address__post_town=Plymouth

address__post_town=|stop_key|> address__street_line=Durham_Road charity_name=CITB
address__post_town=Sheffield
address__post_town=Bromley_Kent_BR2_9SN
address__post_town=Newnham,_Gloucestershire,_GL14_1BB
address__post_town=Peterborough
address__post_town=Merton
address__post_town=|stop_key|>
address__post_town=|stop_key|>
address__post_town=UROBOROS_ENSEMBLE_LIMITED
address__post_town=Brentwood_School
address__post_town=|stop_key|>
address__post_town=Cheltenham
address__post_town=Wirral
address__post_town=1st_Bourne_End_Scout_Grou
address__post_town=Richmond_upon_Thames
address__post_town=St._Marys_Playgroup
address__post_town=HA3_OTE
address__post_town=|stop_key|>
address__post_town=|stop_key|>
address__post_town=N/A
address__post_town=Exeter
address__post_town=Enfield
address__post_town=|stop_key|>
address__post_town=|stop_key|>
address__post_town=East_Yorkshire
address__post_town=Litherland_Youth_&_Community_Centre
address__post_town=|stop_key|>
address__post_town=|stop_key|>
address__post_town=Bishop_Auckland
address__post_town=|stop_key|>
address__post_town=Mirfield_West_Yorkshire_WF14_6AN
address__post_town=|stop_key|>
address__post_town=Hitchin
address__post_town=Kimbolton
address__post_town=Brighton
address__post_town=LONDON
address__post_town=Malvern_College
address__post_town=|stop_key|>
address__post_town=|stop_key|>
address__post_town=Cornwall_Care_Limited
address__post_town=Chelmsford
address__post_town=Cranleigh
address__post_town=Basingstoke_RG22_5BB
address__post_town=Bromsgrove
address__post_town=Loughborough
address__post_town=Bristol
address__post_town=Brighton
address__post_town=|stop_key|>
address__post_town=Hedon
address__post_town=Oxford
address__post_town=Hatfield_Herts_AL10_8LY
address__post_town=Bushey_Herffordshire_WD23_2RF
address__post_town=|stop_key|>
address__post_town=|stop_key|>
address__post_town=|stop_key|>
address__post_town=Bristol
address__post_town=TAUNTON
address__post_town=Walsingham_Care
address__post_town=Louth address__postcode=DH7_7LF address__street_line=Durham_Road charity_name=Ushaw_Moor_Pre-School
address__post_town=YORKSHIRE_FEDERATION_OF_YOUNG_FARMERS_CLUBS
address__post_town=Lane_Pre-School_Playgroup
address__post_town=Bishop’s_Stortford_Hertfordshire_CM23_3BT
address__post_town=MANCHESTER
address__post_town=|stop_key|>
address__post_town=Arnside
address__post_town=|stop_key|>
address__post_town=|stop_key|>
address__post_town=|stop_key|>
address__post_town=Bamfield_Hub_Herbert_Place_Woolwich_London_SE18_3BD
address__post_town=WIGAN_METHODIST_CIRCUIT
address__post_town=Redbourn
address__post_town=Chatham_Kent_MES_9TE
address__post_town=Helmingham
address__post_town=|stop_key|> address__street_line=Durham_Road charity_name=Ushaw_Moor_Pre-School
address__post_town=Worcester
address__post_town=Droitwich_Spa
address__post_town=|stop_key|>
address__post_town=Shoreham

address__post_town=West_Wycombe
address__post_town=ROMFORD
address__post_town=|stop_key|>
address__post_town=Nottingham
address__post_town=Paddock_Wood_Athletic_Club
